{"count":1,"self":2.7484379999999997,"total":13.466719999999999,"children":{"AgentResetIfDone":{"count":6565,"self":0.01424,"total":0.01424,"children":null},"AgentSendState":{"count":6565,"self":0.047443,"total":0.194656,"children":{"CollectObservations":{"count":13130,"self":0.14721299999999998,"total":0.14721299999999998,"children":null}}},"DecideAction":{"count":6565,"self":10.262824799999999,"total":10.317708,"children":{"AgentInfo.ToProto":{"count":1313,"self":0.054882999999999994,"total":0.054882999999999994,"children":null}}},"AcademyStep":{"count":6565,"self":0.006336,"total":0.006336,"children":null},"AgentAct":{"count":6565,"self":0.183528,"total":0.183528,"children":null}}}