{"count":1,"self":2.7789989999999998,"total":8.977049,"children":{"AgentResetIfDone":{"count":6240,"self":0.012343999999999999,"total":0.012343999999999999,"children":null},"AgentSendState":{"count":6240,"self":0.046127999999999995,"total":0.184881,"children":{"CollectObservations":{"count":12480,"self":0.138753,"total":0.138753,"children":null}}},"DecideAction":{"count":6240,"self":5.739216,"total":5.818046,"children":{"AgentInfo.ToProto":{"count":1248,"self":0.07883,"total":0.07883,"children":null}}},"AcademyStep":{"count":6240,"self":0.005856,"total":0.005856,"children":null},"AgentAct":{"count":6240,"self":0.175181,"total":0.175181,"children":null}}}